-- --------------------------------------------------------
-- Host:                         127.0.0.1
-- Server version:               8.0.30 - MySQL Community Server - GPL
-- Server OS:                    Win64
-- HeidiSQL Version:             12.1.0.6537
-- --------------------------------------------------------

/*!40101 SET @OLD_CHARACTER_SET_CLIENT=@@CHARACTER_SET_CLIENT */;
/*!40101 SET NAMES utf8 */;
/*!50503 SET NAMES utf8mb4 */;
/*!40103 SET @OLD_TIME_ZONE=@@TIME_ZONE */;
/*!40103 SET TIME_ZONE='+00:00' */;
/*!40014 SET @OLD_FOREIGN_KEY_CHECKS=@@FOREIGN_KEY_CHECKS, FOREIGN_KEY_CHECKS=0 */;
/*!40101 SET @OLD_SQL_MODE=@@SQL_MODE, SQL_MODE='NO_AUTO_VALUE_ON_ZERO' */;
/*!40111 SET @OLD_SQL_NOTES=@@SQL_NOTES, SQL_NOTES=0 */;


-- Dumping database structure for my_store
CREATE DATABASE IF NOT EXISTS `my_store` /*!40100 DEFAULT CHARACTER SET utf8mb4 COLLATE utf8mb4_general_ci */ /*!80016 DEFAULT ENCRYPTION='N' */;
USE `my_store`;

-- Dumping structure for table my_store.cart
CREATE TABLE IF NOT EXISTS `cart` (
  `id` int NOT NULL AUTO_INCREMENT,
  `user_id` int NOT NULL,
  `product_id` int NOT NULL,
  `quantity` int NOT NULL DEFAULT '1',
  `created_at` timestamp NULL DEFAULT CURRENT_TIMESTAMP,
  PRIMARY KEY (`id`),
  KEY `user_id` (`user_id`),
  KEY `product_id` (`product_id`),
  CONSTRAINT `cart_ibfk_1` FOREIGN KEY (`user_id`) REFERENCES `users` (`id`) ON DELETE CASCADE,
  CONSTRAINT `cart_ibfk_2` FOREIGN KEY (`product_id`) REFERENCES `product` (`id`) ON DELETE CASCADE
) ENGINE=InnoDB AUTO_INCREMENT=2 DEFAULT CHARSET=utf8mb4 COLLATE=utf8mb4_general_ci;

-- Dumping data for table my_store.cart: ~1 rows (approximately)

-- Dumping structure for table my_store.category
CREATE TABLE IF NOT EXISTS `category` (
  `id` int NOT NULL AUTO_INCREMENT,
  `name` varchar(100) CHARACTER SET utf8mb4 COLLATE utf8mb4_general_ci NOT NULL,
  `description` text CHARACTER SET utf8mb4 COLLATE utf8mb4_general_ci,
  PRIMARY KEY (`id`)
) ENGINE=InnoDB AUTO_INCREMENT=6 DEFAULT CHARSET=utf8mb4 COLLATE=utf8mb4_general_ci;

-- Dumping data for table my_store.category: ~5 rows (approximately)
INSERT INTO `category` (`id`, `name`, `description`) VALUES
	(1, '─Éiß╗ćn thoß║Īi', 'Danh mß╗źc c├Īc loß║Īi ─æiß╗ćn thoß║Īi'),
	(2, 'Laptop', 'Danh mß╗źc c├Īc loß║Īi laptop'),
	(3, 'M├Īy t├Łnh bß║Żng', 'Danh mß╗źc c├Īc loß║Īi m├Īy t├Łnh bß║Żng'),
	(4, 'Phß╗ź kiß╗ćn', 'Danh mß╗źc phß╗ź kiß╗ćn ─æiß╗ćn tß╗Ł'),
	(5, 'Thiß║┐t bß╗ŗ ├óm thanh', 'Danh mß╗źc loa, tai nghe, micro');

-- Dumping structure for table my_store.orders
CREATE TABLE IF NOT EXISTS `orders` (
  `id` int NOT NULL AUTO_INCREMENT,
  `name` varchar(255) CHARACTER SET utf8mb4 COLLATE utf8mb4_general_ci NOT NULL,
  `phone` varchar(20) CHARACTER SET utf8mb4 COLLATE utf8mb4_general_ci NOT NULL,
  `address` text CHARACTER SET utf8mb4 COLLATE utf8mb4_general_ci NOT NULL,
  `created_at` timestamp NULL DEFAULT CURRENT_TIMESTAMP,
  `status` varchar(50) CHARACTER SET utf8mb4 COLLATE utf8mb4_general_ci DEFAULT '─Éang xß╗Ł l├Į',
  `user_id` int DEFAULT NULL,
  `total_price` int NOT NULL DEFAULT '0',
  PRIMARY KEY (`id`)
) ENGINE=InnoDB AUTO_INCREMENT=5 DEFAULT CHARSET=utf8mb4 COLLATE=utf8mb4_general_ci;

-- Dumping data for table my_store.orders: ~3 rows (approximately)
INSERT INTO `orders` (`id`, `name`, `phone`, `address`, `created_at`, `status`, `user_id`, `total_price`) VALUES
	(1, 'fghgf', 'fghgf', 'dgdf', '2026-05-31 18:20:12', '─Éang xß╗Ł l├Į', NULL, 0),
	(2, 'Nguyß╗ģn V─ān An', '0912345678', 'PhŲ░ß╗Øng Bß║┐n Ngh├®, Quß║Łn 1, TP. Hß╗ō Ch├Ł Minh', '2026-06-14 14:17:20', '─É├Ż duyß╗ćt - ─Éang ─æ├│ng g├│i h├Āng', NULL, 0),
	(3, 'Nguyß╗ģn V─ān An', '0912345678', 'PhŲ░ß╗Øng Bß║┐n Ngh├®, Quß║Łn 1, TP. Hß╗ō Ch├Ł Minh', '2026-06-14 14:44:25', '─É├Ż duyß╗ćt - ─Éang ─æ├│ng g├│i h├Āng', 3, 0),
	(4, 'Nguyß╗ģn V─ān An', '0912345678', '123 ─ÉŲ░ß╗Øng L├¬ Lß╗Żi, Quß║Łn 1, TP.HCM', '2026-06-15 02:38:31', '─Éang xß╗Ł l├Į', 3, 16800000);

-- Dumping structure for table my_store.order_details
CREATE TABLE IF NOT EXISTS `order_details` (
  `id` int NOT NULL AUTO_INCREMENT,
  `order_id` int NOT NULL,
  `product_id` int NOT NULL,
  `quantity` int NOT NULL,
  `price` decimal(10,2) NOT NULL,
  PRIMARY KEY (`id`),
  KEY `order_id` (`order_id`),
  KEY `product_id` (`product_id`),
  CONSTRAINT `order_details_ibfk_1` FOREIGN KEY (`order_id`) REFERENCES `orders` (`id`) ON DELETE CASCADE,
  CONSTRAINT `order_details_ibfk_2` FOREIGN KEY (`product_id`) REFERENCES `product` (`id`) ON DELETE CASCADE
) ENGINE=InnoDB AUTO_INCREMENT=6 DEFAULT CHARSET=utf8mb4 COLLATE=utf8mb4_general_ci;

-- Dumping data for table my_store.order_details: ~4 rows (approximately)
INSERT INTO `order_details` (`id`, `order_id`, `product_id`, `quantity`, `price`) VALUES
	(1, 1, 1, 1, 56464.00),
	(2, 2, 1, 2, 5600000.00),
	(3, 2, 3, 1, 15000000.00),
	(4, 3, 1, 2, 5600000.00),
	(5, 4, 1, 3, 5600000.00);

-- Dumping structure for table my_store.product
CREATE TABLE IF NOT EXISTS `product` (
  `id` int NOT NULL AUTO_INCREMENT,
  `name` varchar(100) CHARACTER SET utf8mb4 COLLATE utf8mb4_general_ci NOT NULL,
  `description` text CHARACTER SET utf8mb4 COLLATE utf8mb4_general_ci,
  `price` decimal(10,2) NOT NULL,
  `category_id` int DEFAULT NULL,
  PRIMARY KEY (`id`),
  KEY `category_id` (`category_id`),
  CONSTRAINT `product_ibfk_1` FOREIGN KEY (`category_id`) REFERENCES `category` (`id`) ON DELETE CASCADE
) ENGINE=InnoDB AUTO_INCREMENT=5 DEFAULT CHARSET=utf8mb4 COLLATE=utf8mb4_general_ci;

-- Dumping data for table my_store.product: ~4 rows (approximately)
INSERT INTO `product` (`id`, `name`, `description`, `price`, `category_id`) VALUES
	(1, 'laptop 1', 'dscdsc', 5600000.00, 2),
	(2, 'laptop 2', 'ß╗½dfds', 2000000.00, 2),
	(3, 'phone 1', 'aaaa', 15000000.00, 1),
	(4, 'phone 2', 'dacfasx', 10000000.00, 1);

-- Dumping structure for table my_store.users
CREATE TABLE IF NOT EXISTS `users` (
  `id` int NOT NULL AUTO_INCREMENT,
  `name` varchar(255) CHARACTER SET utf8mb4 COLLATE utf8mb4_general_ci NOT NULL,
  `email` varchar(255) CHARACTER SET utf8mb4 COLLATE utf8mb4_general_ci NOT NULL,
  `password` varchar(255) CHARACTER SET utf8mb4 COLLATE utf8mb4_general_ci NOT NULL,
  `avatar` varchar(255) CHARACTER SET utf8mb4 COLLATE utf8mb4_general_ci DEFAULT 'uploads/avatars/default.png',
  `role` enum('user','admin') CHARACTER SET utf8mb4 COLLATE utf8mb4_general_ci DEFAULT 'user',
  `status` enum('active','locked','pending') CHARACTER SET utf8mb4 COLLATE utf8mb4_general_ci DEFAULT 'pending',
  `remember_token` varchar(255) CHARACTER SET utf8mb4 COLLATE utf8mb4_general_ci DEFAULT NULL,
  `reset_token` varchar(255) CHARACTER SET utf8mb4 COLLATE utf8mb4_general_ci DEFAULT NULL,
  `created_at` timestamp NULL DEFAULT CURRENT_TIMESTAMP,
  PRIMARY KEY (`id`),
  UNIQUE KEY `email` (`email`)
) ENGINE=InnoDB AUTO_INCREMENT=4 DEFAULT CHARSET=utf8mb4 COLLATE=utf8mb4_general_ci;

-- Dumping data for table my_store.users: ~3 rows (approximately)
INSERT INTO `users` (`id`, `name`, `email`, `password`, `avatar`, `role`, `status`, `remember_token`, `reset_token`, `created_at`) VALUES
	(1, 'Quß║Żn Trß╗ŗ Vi├¬n', 'admin@gmail.com', '$2y$10$8Cg/VjKnRWhC7MhM8ZlQKe2s1v7eE9g7U8H5D6F7G8H9I0J1K2L3M', 'uploads/avatars/user_1_1780884676.png', 'admin', 'active', NULL, NULL, '2026-05-31 18:33:17'),
	(2, 'Kh├Īch H├Āng Mß║½u', 'user@gmail.com', '$2y$10$7R0ZfD7V7vS2S2S2S2S2SeX3X3X3X3X3X3X3X3X3X3X3X3X3X3X3X', 'uploads/avatars/default.png', 'user', 'active', NULL, NULL, '2026-05-31 18:33:17'),
	(3, 'Kh├Īch H├Āng', 'an_client@gmail.com', '$2y$10$DZukfw22h85XOr.vhBNT/uxquFa0ssVYDiV.7GM6LEjP6a2FjEvJK', 'uploads/avatars/default.png', 'user', 'active', NULL, NULL, '2026-06-14 14:11:56');

/*!40103 SET TIME_ZONE=IFNULL(@OLD_TIME_ZONE, 'system') */;
/*!40101 SET SQL_MODE=IFNULL(@OLD_SQL_MODE, '') */;
/*!40014 SET FOREIGN_KEY_CHECKS=IFNULL(@OLD_FOREIGN_KEY_CHECKS, 1) */;
/*!40101 SET CHARACTER_SET_CLIENT=@OLD_CHARACTER_SET_CLIENT */;
/*!40111 SET SQL_NOTES=IFNULL(@OLD_SQL_NOTES, 1) */;
