-- --------------------------------------------------------
-- Host:                         127.0.0.1
-- Server version:               8.4.3 - MySQL Community Server - GPL
-- Server OS:                    Win64
-- HeidiSQL Version:             12.8.0.6908
-- --------------------------------------------------------

/*!40101 SET @OLD_CHARACTER_SET_CLIENT=@@CHARACTER_SET_CLIENT */;
/*!40101 SET NAMES utf8 */;
/*!50503 SET NAMES utf8mb4 */;
/*!40103 SET @OLD_TIME_ZONE=@@TIME_ZONE */;
/*!40103 SET TIME_ZONE='+00:00' */;
/*!40014 SET @OLD_FOREIGN_KEY_CHECKS=@@FOREIGN_KEY_CHECKS, FOREIGN_KEY_CHECKS=0 */;
/*!40101 SET @OLD_SQL_MODE=@@SQL_MODE, SQL_MODE='NO_AUTO_VALUE_ON_ZERO' */;
/*!40111 SET @OLD_SQL_NOTES=@@SQL_NOTES, SQL_NOTES=0 */;


-- Dumping database structure for my_store
CREATE DATABASE IF NOT EXISTS `my_store` /*!40100 DEFAULT CHARACTER SET utf8mb4 COLLATE utf8mb4_general_ci */ /*!80016 DEFAULT ENCRYPTION='N' */;
USE `my_store`;

-- Dumping structure for table my_store.category
CREATE TABLE IF NOT EXISTS `category` (
  `id` int NOT NULL AUTO_INCREMENT,
  `name` varchar(100) COLLATE utf8mb4_general_ci NOT NULL,
  `description` text COLLATE utf8mb4_general_ci,
  PRIMARY KEY (`id`)
) ENGINE=InnoDB AUTO_INCREMENT=6 DEFAULT CHARSET=utf8mb4 COLLATE=utf8mb4_general_ci;

-- Dumping data for table my_store.category: ~5 rows (approximately)
INSERT INTO `category` (`id`, `name`, `description`) VALUES
	(1, 'Điện thoại', 'Danh mục các loại điện thoại'),
	(2, 'Laptop', 'Danh mục các loại laptop'),
	(3, 'Máy tính bảng', 'Danh mục các loại máy tính bảng'),
	(4, 'Phụ kiện', 'Danh mục phụ kiện điện tử'),
	(5, 'Thiết bị âm thanh', 'Danh mục loa, tai nghe, micro');

-- Dumping structure for table my_store.orders
CREATE TABLE IF NOT EXISTS `orders` (
  `id` int NOT NULL AUTO_INCREMENT,
  `name` varchar(255) COLLATE utf8mb4_general_ci NOT NULL,
  `phone` varchar(20) COLLATE utf8mb4_general_ci NOT NULL,
  `address` text COLLATE utf8mb4_general_ci NOT NULL,
  `created_at` timestamp NULL DEFAULT CURRENT_TIMESTAMP,
  `status` varchar(50) COLLATE utf8mb4_general_ci DEFAULT 'Đang xử lý',
  `user_id` int DEFAULT NULL,
  PRIMARY KEY (`id`)
) ENGINE=InnoDB AUTO_INCREMENT=4 DEFAULT CHARSET=utf8mb4 COLLATE=utf8mb4_general_ci;

-- Dumping data for table my_store.orders: ~2 rows (approximately)
INSERT INTO `orders` (`id`, `name`, `phone`, `address`, `created_at`, `status`, `user_id`) VALUES
	(1, 'fghgf', 'fghgf', 'dgdf', '2026-05-31 18:20:12', 'Đang xử lý', NULL),
	(2, 'Nguyễn Văn An', '0912345678', 'Phường Bến Nghé, Quận 1, TP. Hồ Chí Minh', '2026-06-14 14:17:20', 'Đã duyệt - Đang đóng gói hàng', NULL),
	(3, 'Nguyễn Văn An', '0912345678', 'Phường Bến Nghé, Quận 1, TP. Hồ Chí Minh', '2026-06-14 14:44:25', 'Đang xử lý', 3);

-- Dumping structure for table my_store.order_details
CREATE TABLE IF NOT EXISTS `order_details` (
  `id` int NOT NULL AUTO_INCREMENT,
  `order_id` int NOT NULL,
  `product_id` int NOT NULL,
  `quantity` int NOT NULL,
  `price` decimal(10,2) NOT NULL,
  PRIMARY KEY (`id`),
  KEY `order_id` (`order_id`),
  KEY `product_id` (`product_id`),
  CONSTRAINT `order_details_ibfk_1` FOREIGN KEY (`order_id`) REFERENCES `orders` (`id`) ON DELETE CASCADE,
  CONSTRAINT `order_details_ibfk_2` FOREIGN KEY (`product_id`) REFERENCES `product` (`id`) ON DELETE CASCADE
) ENGINE=InnoDB AUTO_INCREMENT=5 DEFAULT CHARSET=utf8mb4 COLLATE=utf8mb4_general_ci;

-- Dumping data for table my_store.order_details: ~3 rows (approximately)
INSERT INTO `order_details` (`id`, `order_id`, `product_id`, `quantity`, `price`) VALUES
	(1, 1, 1, 1, 56464.00),
	(2, 2, 1, 2, 5600000.00),
	(3, 2, 3, 1, 15000000.00),
	(4, 3, 1, 2, 5600000.00);

-- Dumping structure for table my_store.product
CREATE TABLE IF NOT EXISTS `product` (
  `id` int NOT NULL AUTO_INCREMENT,
  `name` varchar(100) COLLATE utf8mb4_general_ci NOT NULL,
  `description` text COLLATE utf8mb4_general_ci,
  `price` decimal(10,2) NOT NULL,
  `category_id` int DEFAULT NULL,
  PRIMARY KEY (`id`),
  KEY `category_id` (`category_id`),
  CONSTRAINT `product_ibfk_1` FOREIGN KEY (`category_id`) REFERENCES `category` (`id`) ON DELETE CASCADE
) ENGINE=InnoDB AUTO_INCREMENT=5 DEFAULT CHARSET=utf8mb4 COLLATE=utf8mb4_general_ci;

-- Dumping data for table my_store.product: ~4 rows (approximately)
INSERT INTO `product` (`id`, `name`, `description`, `price`, `category_id`) VALUES
	(1, 'laptop 1', 'dscdsc', 5600000.00, 2),
	(2, 'laptop 2', 'ừdfds', 2000000.00, 2),
	(3, 'phone 1', 'aaaa', 15000000.00, 1),
	(4, 'phone 2', 'dacfasx', 10000000.00, 1);

-- Dumping structure for table my_store.users
CREATE TABLE IF NOT EXISTS `users` (
  `id` int NOT NULL AUTO_INCREMENT,
  `name` varchar(255) COLLATE utf8mb4_general_ci NOT NULL,
  `email` varchar(255) COLLATE utf8mb4_general_ci NOT NULL,
  `password` varchar(255) COLLATE utf8mb4_general_ci NOT NULL,
  `avatar` varchar(255) COLLATE utf8mb4_general_ci DEFAULT 'uploads/avatars/default.png',
  `role` enum('user','admin') COLLATE utf8mb4_general_ci DEFAULT 'user',
  `status` enum('active','locked','pending') COLLATE utf8mb4_general_ci DEFAULT 'pending',
  `remember_token` varchar(255) COLLATE utf8mb4_general_ci DEFAULT NULL,
  `reset_token` varchar(255) COLLATE utf8mb4_general_ci DEFAULT NULL,
  `created_at` timestamp NULL DEFAULT CURRENT_TIMESTAMP,
  PRIMARY KEY (`id`),
  UNIQUE KEY `email` (`email`)
) ENGINE=InnoDB AUTO_INCREMENT=4 DEFAULT CHARSET=utf8mb4 COLLATE=utf8mb4_general_ci;

-- Dumping data for table my_store.users: ~3 rows (approximately)
INSERT INTO `users` (`id`, `name`, `email`, `password`, `avatar`, `role`, `status`, `remember_token`, `reset_token`, `created_at`) VALUES
	(1, 'Quản Trị Viên', 'admin@gmail.com', '$2y$10$8Cg/VjKnRWhC7MhM8ZlQKe2s1v7eE9g7U8H5D6F7G8H9I0J1K2L3M', 'uploads/avatars/user_1_1780884676.png', 'admin', 'active', NULL, NULL, '2026-05-31 18:33:17'),
	(2, 'Khách Hàng Mẫu', 'user@gmail.com', '$2y$10$7R0ZfD7V7vS2S2S2S2S2SeX3X3X3X3X3X3X3X3X3X3X3X3X3X3X3X', 'uploads/avatars/default.png', 'user', 'active', NULL, NULL, '2026-05-31 18:33:17'),
	(3, 'Khách Hàng', 'an_client@gmail.com', '$2y$10$DZukfw22h85XOr.vhBNT/uxquFa0ssVYDiV.7GM6LEjP6a2FjEvJK', 'uploads/avatars/default.png', 'user', 'active', NULL, NULL, '2026-06-14 14:11:56');

/*!40103 SET TIME_ZONE=IFNULL(@OLD_TIME_ZONE, 'system') */;
/*!40101 SET SQL_MODE=IFNULL(@OLD_SQL_MODE, '') */;
/*!40014 SET FOREIGN_KEY_CHECKS=IFNULL(@OLD_FOREIGN_KEY_CHECKS, 1) */;
/*!40101 SET CHARACTER_SET_CLIENT=@OLD_CHARACTER_SET_CLIENT */;
/*!40111 SET SQL_NOTES=IFNULL(@OLD_SQL_NOTES, 1) */;
